time_s,attitude_error_rad,angular_rate_norm,torque_x,torque_y,torque_z
0.0,0.7810249675906655,0.2335936891052948,-2.66571577686236,1.7011914702891922,-1.2291277297010212
0.01,0.7831770202861834,0.20358359135317736,-2.604188454322316,1.675167657891874,-1.2117293794186301
0.02,0.7850390025136266,0.1742283228016507,-2.543463171830753,1.6490606337215727,-1.1946109379220757
0.03,0.7866168529563865,0.14552835596304373,-2.4835411283337847,1.6228864443192725,-1.1777624419067483
0.04,0.7879164640905045,0.11749116222085634,-2.424422565086068,1.5966603732576927,-1.1611740643421837
0.05,0.7889436796266137,0.09014136177661679,-2.3661068291796368,1.5703969671530498,-1.144836124093687
0.06,0.7897042922685614,0.0635552569010102,-2.3085924353187224,1.5441100617613708,-1.128739094822431
0.07,0.7902040417582251,0.038030845519856075,-2.251877125740201,1.5178128080609379,-1.1128736131894839
0.08,0.7904486131791953,0.015849885878072283,-2.19595792819836,1.4915176982315594,-1.0972304863901046
0.09,0.7904436354947901,0.019029118133055047,-2.1408312119499535,1.465236591449945,-1.0818006990452302
0.1,0.7901946802982767,0.0411195938358143,-2.0864927416910573,1.4389807394285195,-1.0665754194773405
0.11,0.7897072607553294,0.06444124105340741,-2.032937729411282,1.4127608116325396,-1.0515460053979209
0.12,0.7889868307206201,0.08755792334077235,-1.9801608841434353,1.3865869201174381,-1.0367040090335522
0.13,0.7880387840121253,0.11024524582878974,-1.9281564595979446,1.360468643934882,-1.0220411817172739
0.14,0.7868684538282003,0.13244175157379862,-1.8769182996813414,1.334415053062166,-1.0075494779713459
0.15,0.7854811122938121,0.15412724145998025,-1.826439881906921,1.3084347318152503,-0.9932210591068754
0.16,0.7838819701234936,0.17529584239016308,-1.7767143587134981,1.2825358017110233,-0.979048296365005
0.17,0.7820761763896554,0.1959476983338271,-1.7277345967150122,1.2567259437492764,-0.9650237736235381
0.18,0.7800688183858455,0.21608582040514024,-1.6794932139096737,1.2310124200893837,-0.9511402896919422
0.19,0.7778649215754211,0.2357147101364785,-1.6319826148825276,1.2054020951008668,-0.9373908602167383
0.2,0.7754694496168726,0.2548396911025114,-1.585195024039723,1.1799014557708603,-0.9237687192182952
0.21,0.7728873044577652,0.27346655699284333,-1.5391225169165752,1.1545166314550381,-0.910267320279039
0.22,0.7701233264899129,0.291601373898856,-1.4937570496046804,1.1292534129618101,-0.8968803374020917
0.23,0.7671822947589882,0.3092503631978783,-1.449090486346004,1.1041172709625595,-0.883601665558332
0.24,0.7640689272223318,0.326419829066222,-1.4051146253440219,1.0791133737234444,-0.8704254209388892
0.25,0.7607878810492137,0.3431161119416825,-1.3618212228437465,1.054246604156743,-0.8573459409291053
0.26,0.7573437529582717,0.35934555772360655,-1.3192020155338149,1.0295215761920113,-0.8443577838190418
0.27,0.7537410795872729,0.37511449687682946,-1.2772487413248348,1.0049426504693704,-0.8314557282647028
0.28,0.7499843378907388,0.3904292299770813,-1.2359531585588799,0.980513949359114,-0.8186347725132577
0.29,0.7460779455613465,0.40529601757244954,-1.1953070637054755,0.9562393713135265,-0.8058901334046943
0.3,0.7420262614713459,0.4197210730163207,-1.155302307599597,0.9321226045583163,-0.7932172451615449
0.31,0.73783358613056,0.43371055739766845,-1.1159308102772199,0.9081671401324561,-0.780611757977552
0.32,0.733504162157821,0.4472705759859794,-1.0771845744637294,0.8843762842864568,-0.7680695364154362
0.33,0.7290421747629663,0.4604071757932117,-1.0390556977701821,0.8607531702501963,-0.7555866576232457
0.34,0.7244517522367807,0.47312634397545306,-1.0015363836518925,0.8373007693824182,-0.7431594093781607
0.35000000000000003,0.7197369664465,0.4854340068767351,-0.9646189511832266,0.8140219017148804,-0.7307842879660194
0.36,0.7149018333347176,0.4973360295714257,-0.9282958437017607,0.7909192459049071,-0.7184579959043275
0.37,0.709950313419742,0.5088382157987777,-0.892559636374174,0.7679953486107639,-0.7061774395159995
0.38,0.7048863122956444,0.519946308209238,-0.8574030427353612,0.7452526333048719,-0.6939397263606571
0.39,0.6997136811304178,0.530665988860642,-0.8228189202513244,0.722693408540368,-0.6817421625298787
0.4,0.6944362171608425,0.5410028799158101,-0.7888002749554276,0.7003198756869594,-0.6695822498124646
0.41000000000000003,0.6890576641828025,0.5509625445028937,-0.7553402652065422,0.678134136152374,-0.6574576827354318
0.42,0.683581713035951,0.5605504877071411,-0.7224322046165916,0.6561381981060034,-0.6453663454861901
0.43,0.6780120020817635,0.569772157668297,-0.690069564193879,0.634333982721573,-0.6333063087210828
0.44,0.6723521176741382,0.5786329467620996,-0.6582459737475059,0.612723329955865,-0.6212758262652763
0.45,0.666605594621835,0.587138192847659,-0.6269552225970356,0.5913080038806262,-0.6092733317087936
0.46,0.6607759166421465,0.595293180565122,-0.5961912596304543,0.5700896975849113,-0.5972974349033394
0.47000000000000003,0.6548665168053074,0.603103142670138,-0.5659481927523096,0.5490700376651205,-0.585346918364422
0.48,0.6488807779692425,0.6105732613933601,-0.5362202877627882,0.5282505883200118,-0.573420733583217
0.49,0.6428220332043462,0.6177086698146452,-0.5070019667073213,0.507632855067917,-0.5615179972524937
0.5,0.636693566208071,0.6245144532428051,-0.478287805735186,0.48721828810333057,-0.5496379874109144
0.51,0.6304986117091811,0.6309956505927934,-0.45007253250439916,0.4670082853099249,-0.5377801395099562
0.52,0.6242403558615977,0.6371572557530885,-0.4223510231690842,0.4470041949469092,-0.5259440424077026
0.53,0.6179219366278352,0.6430042189368049,-0.3951182989843413,0.4272073180254969,-0.5141294342937437
0.54,0.6115464441520834,0.6485414480107579,-0.36836952256252264,0.4076189103920422,-0.5023361985494357
0.55,0.6051169211230519,0.6537738097973079,-0.34209999381369643,0.38824018453419756,-0.49056435954780725
0.56,0.5986363631267437,0.658706131344375,-0.3163051456019642,0.36907231112620487,-0.478814078397406
0.5700000000000001,0.5921077189893709,0.6633432011595078,-0.2909805391481898,0.35011642032917295,-0.46708564863445245
0.58,0.5855338911106748,0.6676897704043668,-0.26612185920858944,0.3313736028619105,-0.4553794918676897
0.59,0.5789177357879416,0.671750554046395,-0.24172490905755697,0.31284491085758753,-0.4436961533803783
0.6,0.5722620635310537,0.6755302319648623,-0.21778560530198604,0.29453135852118095,-0.43203629769394153
0.61,0.5655696393689321,0.6790334500088209,-0.19429997255331505,0.27643392260232336,-0.4204007040978147
0.62,0.558843183147772,0.6822648210048742,-0.17126413798241383,0.25855354269782976,-0.4087902621501098
0.63,0.5520853698214793,0.6852289257129737,-0.14867432578139597,0.24089112139781294,-0.39720596715375966
0.64,0.545298829734754,0.6879303137287688,-0.1265268515553895,0.22344752428891762,-0.3856489156128551
0.65,0.538486148899271,0.6903735043313198,-0.10481811666624918,0.2062235798278254,-0.374120300673929
0.66,0.5316498692634373,0.6925629872752592,-0.08354460254917995,0.18922007909777627,-0.3626214075569909
0.67,0.5247924889762031,0.6945032235267371,-0.0627028650221987,0.172437775460443,-0.35115360898114256
0.68,0.5179164626454303,0.6961986459427288,-0.04228952860737567,0.15587738411508895,-0.33971836058963123
0.6900000000000001,0.5110242015913161,0.6976536598935135,-0.022301280881776867,0.13953958157649954,-0.3283171963792221
0.7000000000000001,0.504118074095382,0.6988726438283384,-0.002734866875061817,0.12342500508275643,-0.31695172413877304
0.71,0.4972004056455425,0.6998599497844946,0.01641291647031686,0.10753425194348257,-0.3056236209019082
0.72,0.49027347917776315,0.7006199038402104,0.035145225761292864,0.09186787883874405,-0.294334628418663
0.73,0.4833395353148259,0.701156806511947,0.053465176524700474,0.07642640107834799,-0.2830865486509661
0.74,0.47640077260270747,0.701474933096854,0.07137584847301667,0.06121029183082384,-0.27188123929678926
0.75,0.4694593477450829,0.7015785339612863,0.08888029065313986,0.046219981330935175,-0.26072060934775904
0.76,0.4625173758364519,0.7014718347764343,0.10598152646692638,0.03145585607410106,-0.24960661468496353
0.77,0.4555769305943861,0.7011590367022525,0.12268255855310599,0.016918258005665557,-0.23854125371764195
0.78,0.4486400445913826,0.7006443165209896,0.13898637352106327,0.0026074837125023564,-0.22752656306935368
0.79,0.4417087094868041,0.6999318267217423,0.15489594652783867,-0.011476216376015924,-0.21656461331615048
0.8,0.434784876259373,0.6990256955375544,0.17041424569055363,-0.025332638771088614,-0.20565750478117883
0.81,0.4278704554406773,0.6979300269366785,0.18554423632726985,-0.03896162768545837,-0.19480736339002755
0.8200000000000001,0.4209673173501369,0.6966489005696985,0.20028888502010994,-0.05236307576656979,-0.1840163365910247
0.8300000000000001,0.4140772923318632,0.6951863716742938,0.2146511634952471,-0.06553692479664242,-0.1732865893445656
0.84,0.4072021709938356,0.6935464709394839,0.22863405231513265,-0.07848316635481083,-0.1626203001854035
0.85,0.4003437044498048,0.6917332043312585,0.24224054437907605,-0.09120184243690047,-0.15201965736170597
0.86,0.3935036045643219,0.6897505528815432,0.25547364822899915,-0.1036930460288211,-0.14148685505451636
0.87,0.3866835442012755,0.6876024724424931,0.2683363911578927,-0.11595692162996749,-0.13102408968109722
0.88,0.3798851574763129,0.685292893408145,0.2808318221191753,-0.1279936657234027,-0.1206335562854684
0.89,0.3731100400135042,0.6828257204054817,0.29296301443577794,-0.1398035271899945,-0.11031744501926939
0.9,0.3663597492065984,0.6802048319569818,0.3047330683084379,-0.15138680766403118,-0.10007793771589554
0.91,0.3596358044852126,0.6774340801167437,0.31614511312324417,-0.16274386182823156,-0.0899172045606724
0.92,0.3529396875862804,0.6745172900822771,0.32720230955906277,-0.17387509764638828,-0.07983740085962224
0.93,0.34627284283108273,0.6714582597840549,0.3379078514960178,-0.1847809765322433,-0.06984066390920382
0.9400000000000001,0.33963667740817244,0.6682607594549123,0.34826496772670923,-0.19546201345350667,-0.059929109969176664
0.9500000000000001,0.3330325616625013,0.6649285311813662,0.3582769234723363,-0.2059187769702513,-0.05010483134055761
0.96,0.3264618293910548,0.6614652884389165,0.3679470217063705,-0.216151889207214,-0.040369893550411
0.97,0.31992577814529677,0.6578747156133598,0.37727860428884585,-0.226162025759821,-0.03072633264502339
0.98,0.3134256695407295,0.6541604675101229,0.38627505291473163,-0.23594991553402644,-0.0211761525927833
0.99,0.30696272957387793,0.6503261688535942,0.394939789880262,-0.2455163405203114,-0.011721322797891995
1.0,0.3005381489470184,0.646375413778386,0.4032762786714082,-0.25486213550244186,-0.002363775725811132
1.01,0.29415308340097773,0.6423117653144308,0.4112880243790395,-0.2639881877018047,0.006894595358852798
1.02,0.28780865405635553,0.6381387548677601,0.41897857394559074,-0.2728954363583636,0.01605193854153439
1.03,0.2815059477635357,0.6338598816987768,0.42635151624834144,-0.28158487224947715,0.025106445293681418
1.04,0.27524601746189115,0.6294786123997727,0.4334104820246449,-0.2900575371480069,0.034056352395422984
1.05,0.2690298825486156,0.624998380373394,0.4401591436446711,-0.29831452322131735,0.04289994374505601
1.06,0.26285852925766645,0.6204225853137016,0.44660121473741093,-0.3063569723729299,0.05163555205565398
1.07,0.2567329110493591,0.6157545926914136,0.45274044967586985,-0.3141860755287365,0.060261560439297215
1.08,0.2506539490112167,0.6109977332448553,0.4585806429275094,-0.32180307186980983,0.06877640387961433
1.09,0.24462253227076822,0.6061553024780849,0.46412562827612114,-0.3292092480139629,0.07717857059349036
1.1,0.23863951842107867,0.6012305601675955,0.4693792779214142,-0.336405937148323,0.08546660328298968
1.11,0.23270573395992333,0.5962267298789299,0.4743455014626681,-0.34339451811526234,0.0936391002786891
1.12,0.2268219747436497,0.5911469984944822,0.4790282447728575,-0.35017641445412223,0.10169471657579418
1.1300000000000001,0.2209890064569483,0.5859945157536902,0.4834314887696881,-0.3567530934012215,0.10963216476455388
1.1400000000000001,0.21520756509995298,0.580772393806759,0.4875592480899927,-0.36312606485070126,0.11745021585664274
1.1500000000000001,0.20947835749433327,0.5754837067829858,0.4914155696739277,-0.3692968802787998,0.12514770000931258
1.16,0.20380206181033494,0.5701314903746948,0.4950045312653916,-0.3752671316341815,0.1327235071492516
1.17,0.19817932811706923,0.5647187414377173,0.49833023983503666,-0.3810384501969666,0.14017658749821238
1.18,0.1926107789587739,0.5592484176092918,0.5013968299321916,-0.38661250540911934,0.1475059520025786
1.19,0.18709700996027104,0.5537234369441896,0.5042084619719361,-0.39199100367885636,0.1547106726691584
1.2,0.18163859046545633,0.5481466775698086,0.50676932046348,-0.3971756871617208,0.16178988280958279
1.21,0.17623606421339255,0.5425209773609125,0.5090836121858998,-0.4021683325209648,0.16874277719578135
1.22,0.17088995005747704,0.5368491336346312,0.5111555643171689,-0.40697074966984326,0.17556861212909233
1.23,0.16560074273424674,0.5311339028662749,0.5129894225222896,-0.41158478049840375,0.18226670542563297
1.24,0.16036891368972517,0.5253780004264565,0.5145894490062054,-0.41601229758730596,0.1888364363206297
1.25,0.15519491197286334,0.5195841003399565,0.5159599205370201,-0.4202552029111658,0.19527724529445975
1.26,0.15007916520766468,0.513754835066708,0.5171051264448935,-0.42431542653386434,0.20158863382320844
1.27,0.1450220806581105,0.5078927953052256,0.518029366601832,-0.4281949252982023,0.2077701640565891
1.28,0.14002404640315883,0.5020005298187461,0.5187369493874051,-0.4318956815122195,0.21382145842610942
1.29,0.13508543264304468,0.4960805452843015,0.5192321896452619,-0.4354197016344314,0.21974219918638777
1.3,0.13020659316310218,0.4901353061648919,0.5195194066351275,-0.4387690149601598,0.2255321278925522
1.31,0.12538786698766058,0.4841672346048814,0.5196029219847781,-0.44194567231106324,0.23119104481666375
1.32,0.12062958026465512,0.4781787103486952,0.5194870576463089,-0.4449517447298872,0.23671880830610592
1.33,0.11593204843198446,0.47217207068285316,0.5191761338608102,-0.44778932218238093,0.24211533408689434
1.34,0.1112955787301019,0.46614961040133585,0.518674467135379,-0.4504605122682348,0.24738059451484148
1.35,0.10672047314286758,0.4601135817942416,0.5179863682361944,-0.45296743894281183,0.2525146177775029
1.36,0.10220703187173834,0.45406619465965886,0.5171161402011947,-0.4553122412513566,0.2575174870498101
1.37,0.09775555747891072,0.4480096163386452,0.5160680763756894,-0.4574970720772751,0.2623893396062794
1.3800000000000001,0.09336635987585129,0.441945971773176,0.514846458474055,-0.4595240969059911,0.26713036589264116
1.3900000000000001,0.0890397623887064,0.43587734358689856,0.5134555546704609,-0.46139549260579216,0.2717408085597081
1.4000000000000001,0.0847761092070926,0.4298057721885034,0.5118996177213816,-0.46311344622699047,0.2762209614622654
1.41,0.08057577462602351,0.42373325589750505,0.5101828831224645,-0.4646801538206297,0.2805711686257087
1.42,0.07643917463445532,0.4176617510922042,0.5083095673021247,-0.46609781927788374,0.2847918231831207
1.43,0.07236678160638411,0.4115931723795907,0.5062838658540716,-0.4673686531911984,0.2888833662854149
1.44,0.06835914313921355,0.4055293927869334,0.5041099518107678,-0.46849487173814597,0.2928462859871265
1.45,0.06441690650164672,0.39947224397479447,0.5017919739596638,-0.4694786955888672,0.2966811161103705
1.46,0.06054085076578224,0.3934235164712009,0.4993340552038635,-0.4703223488378984,0.3003884350894187
1.47,0.05673192961027905,0.38738495992670335,0.49674029096871886,-0.4710280579610907,0.3039688647982919
1.48,0.05299132916251019,0.38135828339005434,0.494014747655675,-0.4715980507982528,0.30742306936369274
1.49,0.049320547375216066,0.3753451556042411,0.49116146114453996,-0.47203455556205925,0.3107517539655341
1.5,0.04572150477156157,0.3693472053226207,0.4881844353451896,-0.47233979987370195,0.3139556636272513
1.51,0.04219670173247594,0.36336602164491455,0.48508764079957317,-0.4725160098256748,0.31703558199801013
1.52,0.03874944621260852,0.3574031543728358,0.4818750133347427,-0.47256540907201494,0.31999233012885225
1.53,0.0353841902701164,0.3514601143851491,0.4785504527674873,-0.47249021794625196,0.3228267652447425
1.54,0.03210703837668199,0.3455383740319809,0.47511782166102473,-0.4722926526072483,0.32553977951441093
1.55,0.02892653278175601,0.33963936754823604,0.4715809441340734,-0.4719749242130527,0.3281322988198009
1.56,0.025854894517400032,0.33376449148600723,0.4679436047225092,-0.47153923812281734,0.33060528152686386
1.57,0.0229100241312113,0.3279151051659079,0.46420954729369224,-0.4709877931267803,0.33295971725935986
1.58,0.02011876881157135,0.3220925311473073,0.4603824740134469,-0.4703227807042509,0.3351966256772507
1.59,0.017522229192579744,0.3162980557174983,0.4564660443655654,-0.46954638430948603,0.33731705526119443
1.6,0.015183959223553062,0.31053292939989263,0.45246387422361434,-0.46866077868529094,0.33932208210457016
1.61,0.013200611438680914,0.3047983674814072,0.44837953497472877,-0.4676681292041327,0.34121280871439796
1.62,0.011708315815885289,0.2990955505592814,0.44421655269499244,-0.4665705912365102,0.3429903628224284
1.6300000000000001,0.010863256852707701,0.2934256251076556,0.4399784073759201,-0.4653703095462765,0.3446558962076158
1.6400000000000001,0.010771814878591319,0.2877897040643384,0.435668532201485,-0.46406941771257887,0.3462105835311114
1.6500000000000001,0.011409423453781653,0.28218886743829963,0.4312903128750624,-0.4626700375780358,0.3476556211848374
1.6600000000000001,0.012628975939035635,0.2766241629385524,0.42684708699559604,-0.46117427872274463,0.34899222615463993
1.67,0.014249859878064658,0.2710966066252219,0.42234214348223276,-0.4595842379636761,0.35022163489894576
1.68,0.01612395380652936,0.2656071835837578,0.4177787220466195,-0.4579019988789848,0.3513451022437758
1.69,0.01814915515807521,0.2601568486234186,0.41316001271200126,-0.4561296313567454,0.35236390029491405
1.7,0.020259441664095535,0.25474652700135086,0.40848915537821856,-0.4542691911675861,0.3532793173679521
1.71,0.022412579680204915,0.249377115173808,0.4037692394316579,-0.45232271956068804,0.35409265693687875
1.72,0.024581213725629828,0.24404948157629616,0.39900330339917606,-0.45029224288258735,0.354805236601815
1.73,0.026747248809479894,0.2387644674347147,0.3941943346449826,-0.44817977221820254,0.3554183870764393
1.74,0.028898441011221247,0.23352288760986903,0.3893452691094405,-0.44598730305350515,0.35593345119558945
1.75,0.031026327989407312,0.22832553147808785,0.3844589910887169,-0.4437168149592242,0.3563517829434728
1.76,0.033124952927470405,0.22317316385107366,0.3795383330542013,-0.44137027129498013,0.35667474650286146
1.77,0.03519006040695263,0.21806652593856848,0.374586075510581,-0.438949618933226,0.35690371532559767
1.78,0.03721857761162557,0.21300633635792657,0.36960494689146256,-0.4364567880023718,0.35704007122468945
1.79,0.03920827171844241,0.20799329219526758,0.36459762349140756,-0.4338936916484646,0.3570852034882179
1.8,0.0411575185498705,0.2030280701235447,0.35956672943324774,-0.43126222581479073,0.3570405080152451
1.81,0.04306514306736857,0.19811132758361402,0.3545148366695405,-0.42856426903877065,0.3569073864738583
1.82,0.04493030725120685,0.19324370403525093,0.3494444650170211,-0.42580168226551307,0.3566872454814468
1.83,0.04675242986938481,0.18842582228604113,0.3443580822229114,-0.42297630867740016,0.35638149580727013
1.84,0.04853112811186648,0.18365828990719557,0.3392581040619468,-0.42008997353907995,0.35599155159733403
1.85,0.05026617447987904,0.17894170074662785,0.33414689446298645,-0.41714448405724186,0.3555188296215602
1.86,0.05195746449116797,0.1742766365511096,0.3290267656640846,-0.4141416292545633,0.35496474854319565
1.87,0.05360499216910721,0.16966366871101762,0.32389997839490203,-0.41108317985722215,0.3543307282103778
1.8800000000000001,0.05520883121158935,0.165103360143143,0.3187687420853564,-0.4079708881953698,0.35361818896974356
1.8900000000000001,0.05676912035794,0.1605962673292831,0.313635215099417,-0.40480648811598313,0.35282855100193844
1.9000000000000001,0.05828605189593919,0.1561429425309384,0.3085015049929653,-0.40159169490750807,0.35196323367885285
1.9100000000000001,0.05975986254391683,0.15174393620343513,0.3033696687946582,-0.3983282052357323,0.3510236549423937
1.92,0.06119082614804462,0.14739979963626307,0.29824171330875004,-0.3950176970903262,0.35001123070457446
1.93,0.06257924778049104,0.14311108785042748,0.29311959543884436,-0.3916618297415085,0.3489273742686765
1.94,0.06392545892860105,0.13887836278825133,0.2880052225315644,-0.38826224370630563,0.3477734957712267
1.95,0.06522981354112434,0.1347021968364299,0.282900452739158,-0.38482056072388515,0.3465510016445111
1.96,0.06649268475317514,0.13058317672934197,0.27780709540006465,-0.3813383837394595,0.34526129409932443
1.97,0.06771446215284731,0.1265219078867916,0.27272691143649974,-0.3778172968962708,0.3439057706276466
1.98,0.06889554948325109,0.12251901924862423,0.26766161376813075,-0.37425886553518,0.342485823524918
1.99,0.07003636269700686,0.11857516867818672,0.2626128677409433,-0.37066463620140017,0.3410028394315722
2.0,0.07113732829793286,0.11469104901753474,0.25758229157041845,-0.36703613665793056,0.3394581988934778
2.0100000000000002,0.07219888191823423,0.11086739488979101,0.25257145679816284,-0.3633748759052593,0.33785327594092424
2.02,0.07322146708998413,0.10710499035826553,0.24758188876116244,-0.35968234420692186,0.3361894376857827
2.0300000000000002,0.07420553417783968,0.10340467756796669,0.24261506707284813,-0.35596001312051717,0.3344680439364618
2.04,0.07515153944631975,0.09976736651299514,0.23767242611518957,-0.35220933553379674,0.3326904468302727
2.05,0.07605994424000226,0.09619404609292613,0.23275535554105675,-0.34843174570546254,0.33085799048281017
2.06,0.07693121425898539,0.09268579664235424,0.2278652007861097,-0.3446286593103181,0.32897201065395554
2.07,0.07776581891513715,0.0892438041396718,0.22300326358950434,-0.34080147348844136,0.3270338344301001
2.08,0.0785642307572054,0.08586937632274809,0.21817080252272586,-0.33695156689805517,0.32504477992218267
2.09,0.07932692495491425,0.08256396095858697,0.21336903352587933,-0.3330802997717933,0.32300615597914056
2.1,0.08005437883383573,0.07932916652824101,0.20859913045079811,-0.3291890139760692,0.3209192619163634
2.11,0.08074707145417899,0.07616678559259392,0.2038622256103477,-0.3252790330732753,0.3187853872587452
2.12,0.08140548322774385,0.07307882109205821,0.19915941033332768,-0.3213516623865514,0.31660581149792616
2.13,0.08203009556819646,0.07006751579342328,0.1944917355243984,-0.3174081890668758,0.31438180386331926
2.14,0.08262139057056918,0.0671353850150897,0.18986021222847602,-0.3134498821622505,0.31211462310651733
2.15,0.08317985071651035,0.06428525261666428,0.18526581219906707,-0.3094779926887599,0.3098055172986794
2.16,0.08370595860232172,0.06152029000137142,0.1807094684700319,-0.3054937537033017,0.3074557236404957
2.17,0.0842001966872514,0.0588440575113197,0.1761920759302847,-0.3014983803777982,0.30506646828433864
2.18,0.0846630470598702,0.056260547046998455,0.17171449190096594,-0.297493070074713,0.30263896616820435
2.19,0.08509499122065955,0.0537742239542241,0.16727753671463166,-0.2934790024237046,0.30017442086106055
2.2,0.08549650987919499,0.05139006512986504,0.16288199429603525,-0.2894573393992695,0.29767402441921775
2.21,0.08586808276452293,0.0491135888452646,0.15852861274408597,-0.28542922539922905,0.29513895725334555
2.22,0.08621018844751165,0.046950869949125305,0.15421810491459476,-0.28139578732393666,0.29257038800576207
2.23,0.08652330417411226,0.04490853194173014,0.14995114900343068,-0.2773581346560841,0.2899694734376327
2.24,0.08680790570859663,0.04299370510483536,0.14572838912972977,-0.2733173595410016,0.28733735832571594
2.25,0.08706446718595462,0.0412139378517638,0.14155043591881714,-0.26927453686735453,0.2846751753683056
2.2600000000000002,0.08729346097272751,0.03957704747302151,0.13741786708451686,-0.2652307243481516,0.28198404510001934
2.27,0.08749535753564033,0.03809089758932197,0.13333122801054062,-0.26118696260198615,0.27926507581509863
2.2800000000000002,0.08767062531746588,0.03676309422313669,0.12929103233066166,-0.2571442752344456,0.27651936349888273
2.29,0.08781973061961698,0.035600601667641396,0.12529776250739577,-0.2531036689196267,0.27374799176713577
2.3000000000000003,0.08794313749101638,0.0346092936398111,0.12135187040892344,-0.2490661334817088,0.27095203181290384
2.31,0.0880413076228418,0.033793473175841436,0.11745377788400456,-0.24503264197654342,0.26813254236059775
2.32,0.08811470024878296,0.03315541255875254,0.11360387733464436,-0.24100415077322182,0.26529056962699366
2.33,0.08816377205048499,0.032694976315556096,0.10980253228628876,-0.2369815996355979,0.26242714728885913
2.34,0.0881889770678819,0.03240938972931082,0.10605007795533415,-0.23296591180374138,0.2595432964569151
2.35,0.08819076661415318,0.03229319889287924,0.10234682181375157,-0.2289579940753101,0.2566400256558582
2.36,0.08816958919505882,0.032338438133032395,0.09869304415063467,-0.22495873688683177,0.253718330810166
2.37,0.08812589043243073,0.03253498458381535,0.09508899863049235,-0.22096901439489325,0.25077919523542463
2.38,0.08806011299161662,0.032871048607834366,0.09153491284811746,-0.21698968455723935,0.24782358963492354
2.39,0.0879726965126895,0.033333731503457656,0.08803098887987179,-0.213021589213791,0.24485247210126662
2.4,0.08786407754524983,0.033909581625378625,0.08457740383123928,-0.2090655541675927,0.2418667881227586
2.41,0.0877346894866617,0.03458509362162011,0.08117431038050468,-0.20512238926570797,0.23886747059433638
2.42,0.08758496252357521,0.03534711623097368,0.0778218373184276,-0.20119288848008232,0.23585543983281854
2.43,0.08741532357659842,0.036183155095060614,0.07452009008378799,-0.19727782998839893,0.23283160359625468
2.44,0.08722619624799052,0.03708157366208369,0.07126915129468564,-0.193377976254953,0.22979685710716505
2.45,0.08701800077225787,0.03803170571128635,0.06806908127548704,-0.18949407411157745,0.22675208307946793
2.46,0.08679115396954046,0.03902389772913873,0.064919918579317,-0.1856268548386509,0.2236981517488972
2.47,0.0865460692016852,0.040049499844298675,0.06182168050600182,-0.1817770342462259,0.22063592090672593
2.48,0.08628315633090594,0.04110082199443223,0.05877436361537361,-0.17794531275531206,0.21756623593660915
2.49,0.08600282168093885,0.0421710688574678,0.05577794423585676,-0.17413237547935703,0.21448992985437582
2.5,0.08570546800060433,0.043254263768003245,0.052832378968257016,-0.17033889230596339,0.21140782335060104
2.5100000000000002,0.08539149442969271,0.04434516886895995,0.049937605184685326,-0.16656551797888516,0.20832072483579733
2.52,0.08506129646709472,0.04543920632897146,0.04709354152254848,-0.16281289218034742,0.20522943048807082
2.5300000000000002,0.08471526594110199,0.0465323836145139,0.04430008837354794,-0.15908163961373295,0.20213472430309554
2.54,0.0843537909818063,0.04762122447781083,0.04155712836762971,-0.15537237008668028,0.19903737814626485
2.5500000000000003,0.08397725599552847,0.048702706408804725,0.03886452685183336,-0.15168567859463922,0.1959381518068806
2.56,0.0835860416412136,0.04977420470203474,0.036222132363995366,-0.14802214540492847,0.19283779305425666
2.57,0.08318052480872919,0.05083344292011937,0.03362977710126014,-0.1443823361413412,0.18973703769561057
2.58,0.08276107859900664,0.051878449325319535,0.031087277383361603,-0.1407668018693432,0.18663660963562262
2.59,0.0823280723059701,0.05290751874703869,0.028594434110638552,-0.13717607918190933,0.18353722093755778
2.6,0.08188187140019637,0.05391917931828601,0.026151033216750892,-0.13361069028604075,0.18043957188583454
2.61,0.08142283751425418,0.05491216352163736,0.02375684611606804,-0.13007114309000825,0.17734435104994767
2.62,0.08095132842967215,0.05588538301712705,0.021411630145702354,-0.12655793129136353,0.174252235349642
2.63,0.08046769806548602,0.056837906768952035,0.01911512900216462,-0.1230715344657603,0.17116389012124986
2.64,0.07997229646831869,0.05776894203730771,0.016867073172620584,-0.1196124181566247,0.1680799691851035
2.65,0.07946546980394789,0.05867781785146204,0.014667180360729351,-0.11618103396571614,0.16500111491394176
2.66,0.07894756035031704,0.05956397062762111,0.012515155907049783,-0.1127778196446152,0.16192795830223106
2.67,0.07841890649194809,0.060426931638823934,0.010410693203998782,-0.10940319918717543,0.1588611190363312
2.68,0.07787984271571505,0.061266316083415144,0.008353474105352044,-0.10605758292297357,0.15580120556543348
2.69,0.07733069960793895,0.06208181353345914,0.00634316933027751,-0.10274136761179241,0.15274881517320735
2.7,0.0767718038527665,0.06287317957494708,0.0043794388618924075,-0.09945493653916658,0.14970453405009584
2.71,0.07620347823179584,0.06364022847813065,0.002461932340341046,-0.09619865961302201,0.1466689373662006
2.72,0.07562604162491326,0.06438282675918562,0.0005902894503873458,-0.09297289346143628,0.14364258934470153
2.73,0.07503980901230793,0.06510088751407499,-0.0012358596964786703,-0.089777981531546,0.14062604333576495
2.74,0.0744450914776304,0.06579436542234549,-0.003016894185421579,-0.0866142541896252,0.1376198418908893
2.75,0.07384219621226362,0.06646325233302351,-0.00475320192712785,-0.0834820288223571,0.13462451683764498
2.7600000000000002,0.07323142652067559,0.06710757335711354,-0.006445179292155743,-0.08038160993931742,0.13164058935476983
2.77,0.07261308182682386,0.06772738340174118,-0.008093230750765231,-0.07731328927668958,0.12866857004757923
2.7800000000000002,0.07198745768158359,0.0683227640899865,-0.009697768518222578,-0.07427734590222557,0.12570895902365856
2.79,0.07135484577117088,0.068893821018144,-0.011259212205572735,-0.07127404632146606,0.12276224596880289
2.8000000000000003,0.07071553392653589,0.06944068130872215,-0.012777988475871615,-0.06830364458523268,0.11982891022317506
2.81,0.0700698061336992,0.06996349142312054,-0.014254530705869652,-0.06536638239839998,0.11690942085765427
2.82,0.06941794254500794,0.07046241520274024,-0.01568927865313645,-0.06246248922995449,0.11400423675035187
2.83,0.06876021949128736,0.07093763211141334,-0.017082678128615254,-0.059592182424346725,0.11111380666326592
2.84,0.06809690949486621,0.071389335655583,-0.01843518067459444,-0.056755667314138065,0.10823856931905959
2.85,0.06742828128345407,0.07181773196171301,-0.019747243248083985,-0.053953137333943135,0.1053789534779403
2.86,0.06675459980485035,0.07222303849302851,-0.021019327909580412,-0.05118477413566636,0.1025353780146229
2.87,0.0660761262424659,0.07260548288995126,-0.02225190151720653,-0.0484507477050291,0.09970825199536262
2.88,0.06539311803163872,0.07296530192054555,-0.023445435426208888,-0.04575121647938174,0.09689797475504193
2.89,0.06470582887672661,0.0733027405289776,-0.024600405193795343,-0.04308632746679243,0.09410493597429982
2.9,0.0640145087689612,0.07361805097145534,-0.025717290289295,-0.04045621636640398,0.0913295157566934
2.91,0.06331940400504732,0.07391149203038205,-0.026796573809620527,-0.03786100769004516,0.08857208470587945
2.92,0.06262075720649538,0.07418332829856038,-0.02783874220001313,-0.03530081488508485,0.08583300400281062
2.93,0.06191880733967281,0.07443382952624143,-0.02884428498004944,-0.03277574045851168,0.0831126254829371
2.94,0.06121378973656413,0.07466327002465031,-0.029813694474887353,-0.03028587610222284,0.08041129171340751
2.95,0.060505936116228974,0.07487192812034821,-0.030747465551729036,-0.027831302819502295,0.07772933607026508
2.96,0.059795474606949735,0.07506008565543025,-0.03164609536147665,-0.02541209105266676,0.07506708281563404
2.97,0.05908262976906122,0.07522802752911625,-0.032510083085556876,-0.023028300811857916,0.07242484717489303
2.98,0.058367622618456474,0.07537604127678224,-0.03333992968788811,-0.0206799818049554,0.06980293541383242
2.99,0.05765067065076454,0.07550441668291108,-0.034136137671964606,-0.018367173568584447,0.06720164491579554
3.0,0.056931987866196965,0.07561344542481946,-0.034899210843030645,-0.016089905600191072,0.06462126425879941
3.0100000000000002,0.05621178479506271,0.07570342074435214,-0.03562965407531559,-0.013848197491155513,0.06206207329263731
3.02,0.055490268523951884,0.07577463714502954,-0.03632797308430358,-0.011642059060912513,0.059524343215962776
3.0300000000000002,0.054767642722590625,0.07582739011239464,-0.03699467420400528,-0.009471490492048104,0.057008336653351796
3.04,0.05404410767137316,0.07586197585553608,-0.03763026416920403,-0.007336482466337305,0.05451430773235128
3.0500000000000003,0.05331986028957655,0.07587869106796827,-0.03823524990264303,-0.005237016301690347,0.052042502160505655
3.06,0.052595094164268746,0.07587783270623112,-0.03881013830712426,-0.0031730640899699123,0.049593157302371266
3.0700000000000003,0.05186999957992137,0.07585969778473303,-0.03935543606248335,-0.0011445888356436983,0.04716650225651516
3.08,0.05114476354874234,0.07582458318550397,-0.03987164942740917,0.0008484554047667623,0.04476275793250316
3.09,0.05041956984174585,0.07577278548165409,-0.040359284046073744,0.002806123382479404,0.04238213712787765
3.1,0.04969459902058076,0.07570460077344672,-0.040818844759535816,0.004728478515527818,0.04002484460512744
3.11,0.04897002847014251,0.0756203245359972,-0.04125083542188459,0.0066155927471598,0.037691077168654025
3.12,0.04824603243199617,0.0755202514777,-0.04165575872108542,0.008467546403601992,0.03538102374173302
3.13,0.04752278203864436,0.07540467540856853,-0.04203411600449114,0.01028442805123096,0.03309486544347715
3.14,0.04680044534867638,0.07527388911774534,-0.04238640710898037,0.012066334353196394,0.030832775665800904
3.15,0.04607918738284185,0.07512818425950646,-0.04271313019568526,0.013813369925537736,0.028594920150389988
3.16,0.04535917016109602,0.07496785124714307,-0.04301478158926783,0.01552564719284082,0.026381457065677186
3.17,0.04464055274067167,0.07479317915415665,-0.04329185562170642,0.017203286243477896,0.024192537083828312
3.18,0.0439234912552378,0.07460445562225244,-0.043544844480549814,0.018846414684477612,0.022028303457739307
3.19,0.04320813895521414,0.07440196677565923,-0.043774238061599295,0.020455167496070147,0.01988889209804717
3.2,0.042494646249317196,0.074185997141343,-0.04398052382597572,0.022029686885953925,0.017774431650154854
3.21,0.041783160747424795,0.07395682957471705,-0.04416418666152857,0.02357012214333013,0.015685043571275148
3.22,0.0410738273048542,0.07371474519048425,-0.0443257087485446,0.02507662949275195,0.013620842207491974
3.23,0.040366788068161276,0.07346002329827543,-0.04446556942971142,0.02654937194783593,0.011581934870841248
3.24,0.039662182522581226,0.07319294134277507,-0.04458424508429117,0.027988519164880224,0.009568421916413243
3.25,0.03896014754124384,0.07291377484804926,-0.044682209006460805,0.029394247296440038,0.007580396819475875
3.2600000000000002,0.038260817436313946,0.07262279736581306,-0.04475993128777082,0.03076673884490517,0.005617946252621112
3.27,0.03756432401222362,0.07232028042739416,-0.04481787870367894,0.032106182516126285,0.0036811501629325054
3.2800000000000002,0.03687079662118379,0.07200649349916834,-0.044856514604109034,0.03341277307313864,0.0017700818491771344
3.29,0.036180362221183746,0.07168170394125838,-0.04487629880799085,0.0346867111900285,-0.00011519196098216391
3.3000000000000003,0.03549314543671309,0.0713461769693041,-0.044877687501730434,0.03592820330598984,-0.0019746110337510534
3.31,0.03480926862246783,0.07100017561912422,-0.04486113314156427,0.0371374614796165,-0.0038081215519489052
3.3200000000000003,0.03412885193033441,0.07064396071410431,-0.04482708435974867,0.03831470324347727,-0.005615676037733269
3.33,0.03345201337998147,0.07027779083515645,-0.044775985874533054,0.039460151459018274,-0.00739723327530533
3.34,0.03277886893342792,0.069901922293107,-0.04470827840387109,0.04057403417183967,-0.009152758233600886
3.35,0.032109532574004555,0.06951660910337891,-0.04462439858281604,0.04165658446738919,-0.01088222198896441
3.36,0.03144411639017502,0.06912210296284411,-0.04452477888455278,0.04270804032712001,-0.012585601647813239
3.37,0.030782730664743973,0.06871865322872987,-0.04440984754501363,0.0437286444851542,-0.014262880269290665
3.38,0.030125483970045653,0.06830650689947078,-0.0442800284910287,0.04471864428549738,-0.01591404678791297
3.39,0.02947248326978309,0.06788590859740525,-0.04413574127195771,0.0456782915398463,-0.01753909593621443
3.4,0.028823834028276946,0.0674571005532221,-0.04397740099475305,0.04660784238603227,-0.019138028167390533
3.41,0.028179640327981193,0.06702032259206868,-0.04380541826240057,0.047507557147142034,-0.020710849577947704
3.42,0.0275400049962397,0.06657581212123807,-0.04362019911568763,0.04837770019135676,-0.02225757183035993
3.43,0.02690502974238807,0.0661238041193579,-0.04342214497824479,0.0492185397925507,-0.023778212075739408
3.44,0.026274815306457644,0.06566453112700853,-0.043211652604808436,0.05003034799168785,-0.025272792876524224
3.45,0.025649461620912577,0.06519822323870234,-0.04298911403265135,0.050813400459057016,-0.026741342129189147
3.46,0.025029067987052525,0.06472510809616128,-0.04275491653612999,0.05156797635738174,-0.028183892986984746
3.47,0.02441373326794583,0.06424541088283235,-0.042509442584292574,0.052294358205844424,-0.02960048378270986
3.48,0.0238035561000275,0.06375935431958589,-0.04225306980149664,0.052992831745059824,-0.030991157951523938
3.49,0.02319863512580807,0.06326715866154389,-0.041986170930982045,0.053663685803034794,-0.032355963953804814
3.5,0.022599069250501116,0.06276904169598965,-0.041709113801345836,0.054307212162148635,-0.03369495519805991
3.5100000000000002,0.022004957925799262,0.062265218741312814,-0.041422261295865556,0.05492370542718768,-0.035008189963894605
3.52,0.02141640146451689,0.06175590264694667,-0.04112597132461804,0.055513462894469255,-0.036295731325046494
3.5300000000000002,0.020833501390389277,0.06124130379425783,-0.04082059679933871,0.05607678442208489,-0.03755764707249388
3.54,0.020256360827984685,0.060721630098350465,-0.040506485610969444,0.05661397230129612,-0.03879400963764319
3.5500000000000003,0.019685084938463222,0.060197087010749994,-0.04018398060984039,0.057125331129112604,-0.04000489601560373
3.56,0.019119781407826192,0.059667877522933774,-0.03985341958843281,0.057611167682082146,-0.041190387688558705
3.5700000000000003,0.018560560995363823,0.05913420217067795,-0.03951513526666889,0.05807179079132216,-0.04235057054923928
3.58,0.018007538151254537,0.058596259039192536,-0.039169455279676677,0.05850751121881842,-0.04348553482450931
3.59,0.01746083171372447,0.05805424376901822,-0.038816702167974976,0.058918641535020494,-0.04459537499907151
3.6,0.016920565697881154,0.05750834956266067,-0.03845719337002695,0.059305495997757064,-0.045680189739299694
3.61,0.016386870190322977,0.05695876719194029,-0.03809124121710878,0.05966839043249812,-0.04674008181720945
3.62,0.015859882365947268,0.05640568500603666,-0.03771915293043959,0.06000764211398692,-0.04777515803457357
3.63,0.01533974764607581,0.05584928894020922,-0.03734123062052345,0.06032356964926437,-0.04878552914719189
3.64,0.014826621020138611,0.05528976252517745,-0.0369577712886466,0.06061649286210878,-0.04977130978932516
3.65,0.014320668556750049,0.054727286897145094,-0.03656906683048194,0.06088673267891103,-0.05073261839830094
3.66,0.01382206913411238,0.054162040808455554,-0.036175404041746816,0.06113461101600603,-0.05166957713930196
3.67,0.013331016424308777,0.05359420063886634,-0.03577706462586247,0.06136045066847894,-0.052582311830344994
3.68,0.01284772117118207,0.05302394040743289,-0.03537432520356549,0.061564575200464405,-0.05347095186746119
3.69,0.012372413807057102,0.052451431784993306,-0.03496745732441889,0.061747308836956095,-0.05433563015008595
3.7,0.011905347459369595,0.05187684410724761,-0.03455672748017265,0.06190897635714299,-0.055176483006669046
3.71,0.011446801403967758,0.051300344388426296,-0.034142397119923645,0.06204990298928647,-0.05599365012051369
3.72,0.010997085026853556,0.05072209733554557,-0.033724722667025454,0.06217041430715476,-0.056787274455855595
3.73,0.010556542359443836,0.050142265363247375,-0.033303955537697105,0.06227083612802509,-0.057557502184189605
3.74,0.01012555725249295,0.049561008609225035,-0.03288034216128313,0.06235149441226897,-0.05830448261085647
3.75,0.009704559248226266,0.04897848495023657,-0.03245412400211609,0.062412715164530126,-0.05902836810189698
3.7600000000000002,0.009294030195374671,0.04839485001871015,-0.03202553758293192,0.062454824336506246,-0.059729314011185294
3.77,0.008894511622395511,0.04781025721994756,-0.03159481450979151,0.062478147731344164,-0.06040747860784913
3.7800000000000002,0.008506612832697503,0.04722485774993442,-0.031162181498461127,0.062483010909658264,-0.061063023003989386
3.79,0.00813101960182441,0.04663880061376715,-0.030727860402203523,0.06246973909717801,-0.06169611108270618
3.8000000000000003,0.007768503226711638,0.046052232644709784,-0.030292068240934954,0.062438657094033095,-0.062306909426443666
3.81,0.0074199294846198196,0.04546529852389561,-0.02985501723170001,0.06239008918568264,-0.06289558724566127
3.8200000000000003,0.007086266785784804,0.04487814080069131,-0.029416914820421004,0.06232435905549214,-0.06346231630784199
3.83,0.006768592433118953,0.044290899913744054,-0.028977963714874804,0.062241789698964545,-0.06400727086684813
3.84,0.006468095429027453,0.0437037142127347,-0.028538361918854473,0.06214270333962761,-0.06453062759263244
3.85,0.006186073713688181,0.04311671998086346,-0.028098302767470024,0.06202742134658144,-0.06503256550131607
3.86,0.005923923149448044,0.042530051458097566,-0.0276579749635461,0.06189626415370759,-0.06551326588564195
3.87,0.0056831151276399185,0.041943840865214105,-0.027217562615073475,0.06174955118054109,-0.06597291224581162
3.88,0.0054651596133637155,0.041358218428674695,-0.02677724527367105,0.06158760075480641,-0.0664116902207191
3.89,0.0052715511034461685,0.04077331240637312,-0.026337197974018182,0.06141073003661647,-0.06682978751958564
3.9,0.005103696721783535,0.04018924911430116,-0.02589759127421489,0.061219254944333744,-0.0672273938540078
3.91,0.00496282873645577,0.03960615295418273,-0.025458591297029803,0.06101349008209256,-0.06760470087042923
3.92,0.004849907961773366,0.039024146442131445,-0.025020359771995057,0.060793748668979,-0.06796190208304079
3.93,0.004765528948357717,0.038443350238392564,-0.02458305407831034,0.06056034246986593,-0.06829919280712185
3.94,0.004709841039584735,0.0378638831782362,-0.02414682728851559,0.06031358172789939,-0.06861677009282906
3.95,0.0046824995585821195,0.037285862304075164,-0.023711828212894526,0.06005377509863182,-0.06891483265944379
3.96,0.004682657567344698,0.0367094028988884,-0.023278201444571652,0.05978122958579664,-0.0691935808300831
3.97,0.004709001346889094,0.03613461852103847,-0.02284608740526566,0.059496250478719315,-0.06945321646688576
3.98,0.004759824176536255,0.03556162104058041,-0.022415622391662293,0.05919914129135724,-0.0696939429066816
3.99,0.004833126034904592,0.03499052067716856,-0.02198693862237125,0.05889020370296317,-0.06991596489714867
4.0,0.004926723643393089,0.03442142603967841,-0.021560164285431813,0.058569737500363234,-0.0701194885334706
4.01,0.005038356244657273,0.03385444416767172,-0.0211354235863324,0.05823804052184198,-0.07030472119549944
4.0200000000000005,0.005165776465210927,0.03328968057484572,-0.020712836796511216,0.05789540860262632,-0.07047187148543246
4.03,0.0053068206636038085,0.032727239294620604,-0.020292520302302292,0.0575421355219585,-0.07062114916600992
4.04,0.0054594576906641335,0.032167222928034936,-0.01987458665429615,0.05717851295174849,-0.07075276509924151
4.05,0.0056218181240027185,0.031609732694134696,-0.0194591446170834,0.05680483040679633,-0.07086693118566872
4.0600000000000005,0.005792207658821129,0.031054868483060015,-0.01904629921934706,0.05642137519657287,-0.07096386030417004
4.07,0.005969108755825103,0.030502728912053877,-0.018636151804276434,0.05602843237854874,-0.07104376625231541
4.08,0.006151174316126976,0.029953411384638744,-0.018228800080268958,0.05562628471305873,-0.0711068636872777
4.09,0.006337216469732459,0.02940701215323175,-0.017824338171893193,0.055215212619691416,-0.0711533680673056
4.1,0.006526192800504834,0.028863626385495864,-0.017422856671081753,0.0547954941351897,-0.07118349559376773
4.11,0.0067171916365773125,0.028323348234754065,-0.017024442688527246,0.05436740487285067,-0.07119746315376958
4.12,0.006909417472780524,0.027786270914826355,-0.016629179905253255,0.05393121798341163,-0.07119548826335394
4.13,0.007102177169773125,0.02725248677968573,-0.016237148624333345,0.0534872041174078,-0.07117778901128623
4.14,0.007294867276542035,0.026722087408369063,-0.015848425822730803,0.05303563138898905,-0.0711445840034343
4.15,0.007486962623287815,0.026195163695623323,-0.015463085203234108,0.05257676534118049,-0.07109609230774493
4.16,0.0076780062050267744,0.025671805948815966,-0.015081197246463661,0.05211086891257258,-0.0710325333998239
4.17,0.00786760030097952,0.02515210399169291,-0.01470282926292257,0.05163820240542648,-0.07095412710912374
4.18,0.008055398734276761,0.024636147275626494,-0.014328045445070726,0.051159023455178455,-0.07086109356574602
4.19,0.008241100158479614,0.02412402499906201,-0.013956906919395665,0.05067358700132888,-0.07075365314785968
4.2,0.008424442253333627,0.023615826235943837,-0.013589471798460682,0.050182145259699926,-0.07063202642974215
4.21,0.008605196716264283,0.023111640073982156,-0.013225795232904316,0.04968494769604511,-0.07049643413044734
4.22,0.00878316494459231,0.02261155576370935,-0.012865929463372795,0.04918224100099606,-0.07034709706310281
4.23,0.008958174313895903,0.02211566287937174,-0.012509923872363278,0.04867426906632905,-0.07018423608484323
4.24,0.009130074968910504,0.021624051492808622,-0.012157825035956247,0.0481612729625349,-0.07000807204737927
4.25,0.009298737053991072,0.021136812361586366,-0.011809676775419133,0.047643490917675536,-0.06981882574821081
4.26,0.009464048320009915,0.020654037132782087,-0.011465520208661002,0.04712115829751073,-0.06961671788248289
4.2700000000000005,0.009625912053426817,0.02017581856394867,-0.011125393801519017,0.046594507586876666,-0.06940196899549025
4.28,0.009784245281088694,0.01970225076294166,-0.010789333418860092,0.04606376837230041,-0.0691747994358335
4.29,0.009938977211123108,0.019233429448448112,-0.01045737237547839,0.0455291673258323,-0.06893542930922664
4.3,0.010090047876161665,0.018769452233227773,-0.010129541486772756,0.04499092819007811,-0.06868407843296363
4.3100000000000005,0.010237406950156494,0.018310418932256618,-0.009805869119186964,0.04444927176441462,-0.06842096629104079
4.32,0.010381012714340734,0.01785643189815031,-0.009486381240397954,0.04390441589236955,-0.0681463119899415
4.33,0.010520831151526095,0.017407596386437012,-0.009171101469234968,0.043356575450148614,-0.06786033421508202
4.34,0.010656835151021173,0.01696402095344134,-0.008860051125315634,0.042805962336292004,-0.06756325118792313
4.3500000000000005,0.010789003809069858,0.01652581788972723,-0.008553249278384918,0.04225278546244156,-0.06725528062374625
4.36,0.010917321811925763,0.01609310369221838,-0.008250712797342599,0.041697250745200934,-0.0669366396900976
4.37,0.011041778890553711,0.01566599957825826,-0.007952456398945647,0.04113956109907073,-0.06660754496590106
4.38,0.011162369337537855,0.015244632044970492,-0.007658492696173467,0.04057991643044049,-0.06626821240124053
4.39,0.011279091578122053,0.014829133477312685,-0.007368832246243091,0.04001851363261852,-0.06591885727781147
4.4,0.011391947788451193,0.014419642808152342,-0.007083483598261829,0.03945554658188246,-0.06555969417004527
4.41,0.011500943555051315,0.01401630623349351,-0.006802453340508443,0.038891206134531765,-0.0651909369069047
4.42,0.011606087570411615,0.013619277985597094,-0.006525746147328041,0.03832568012492369,-0.06481279853435036
4.43,0.011707391360234977,0.013228721166100754,-0.006253364825634002,0.037759153364474767,-0.06442549127848081
4.44,0.011804869038522018,0.012844808640274034,-0.00598531036100457,0.037191807641609995,-0.0640292265093428
4.45,0.011898537087167153,0.012467723992136309,-0.005721581963365657,0.03662382172264023,-0.06362421470541565
4.46,0.011988414157182376,0.01209766253819041,-0.005462177112249983,0.03605537135355112,-0.06321066541876473
4.47,0.012074520889041903,0.01173483239482505,-0.005207091601624407,0.03548662926268469,-0.06278878724086838
4.48,0.012156879749962001,0.011379455590823737,-0.004956319584277541,0.034917765164295185,-0.062358787769112974
4.49,0.012235514886209798,0.01103176921166274,-0.004709853615758901,0.03434894576296174,-0.061920873573958424
4.5,0.01231045198877349,0.010692026556129455,-0.004467684697862611,0.033780334758839826,-0.06147525016677295
4.51,0.012381718170932837,0.010360498277963759,-0.004229802321649059,0.033212092853732875,-0.06102212196833303
4.5200000000000005,0.012449341856449098,0.010037473475427694,-0.0039961945099970374,0.032644377757967455,-0.060561692277991755
4.53,0.012513352677246641,0.00972326067967086,-0.003766847859681429,0.032077344198052554,-0.06009416324350895
4.54,0.012573781379595292,0.009418188678273843,-0.0035417475829684986,0.03151114392510743,-0.05961973583154733
4.55,0.012630659737917143,0.009122607093350232,-0.0033208775487261924,0.030945925724038127,-0.0591386097988268
4.5600000000000005,0.012684020475445569,0.008836886614241247,-0.003104220323041101,0.030381835423447134,-0.05865098366394005
4.57,0.012733897191051717,0.008561418763697004,-0.002891757209340928,0.029819015906257736,-0.05815705467982389
4.58,0.012780324291632145,0.008296615054616282,-0.002683468288014229,0.029257607121035513,-0.057657018806886104
4.59,0.012823336929519574,0.00804290537378662,-0.002479332455526743,0.028697746093991148,-0.057151070686785745
4.6000000000000005,0.012862970944437111,0.007800735412478559,-0.002279327463028568,0.028139566941645926,-0.05663940361686071
4.61,0.012899262809571068,0.007570562955186657,-0.002083429954449466,0.027583200884144364,-0.05612220952520657
4.62,0.012932249581380879,0.007352852842428465,-0.0018916155040795237,0.027028776259195954,-0.05559967894639745
4.63,0.012961968852807385,0.007148070447415148,-0.0017038586536312866,0.026476418536630037,-0.05507200099784988
4.64,0.01298845870957559,0.006956673556042194,-0.0015201329487832202,0.025926250333547472,-0.054539363356825084
4.65,0.013011757689319982,0.006779102620685271,-0.0013404109751990038,0.02537839143005218,-0.054001952238067794
4.66,0.013031904743288277,0.006615769473918975,-0.001164664394024654,0.024832958785546224,-0.053459952372076666
4.67,0.013048939200404801,0.006467044737077482,-0.0009928639768581396,0.02429006655557291,-0.05291354698400461
4.68,0.013062900733496374,0.00633324433228938,-0.0008249796401934568,0.02374982610919153,-0.052362917773185025
4.69,0.01307382932750304,0.006214615688596266,-0.0006609804793363748,0.023212346046867956,-0.05180824489327899
4.7,0.013081765249514123,0.006111324397994162,-0.0005008348017906633,0.02267773221886548,-0.0512497069330424
4.71,0.013086749020484924,0.0060234421948530716,-0.0003445101601167951,0.022146087744120437,-0.050687480897707214
4.72,0.013088821388503327,0.005950937170836666,-0.00019197338425961356,0.021617513029587063,-0.05012174219097281
4.73,0.013088023303488747,0.005893667072984916,-4.319061334717776e-05,0.021092105790036807,-0.049552664597605524
4.74,0.013084395893215767,0.0058513763560505295,0.00010187267303889709,0.020569961068296404,-0.04898042026663986
4.75,0.013077980440565575,0.005823697383378276,0.00024325162412272417,0.020051171255910855,-0.048405179695177804
4.76,0.013068818361917384,0.005810155827025921,0.00038098198772102527,0.019535826114215664,-0.04782711171278447
4.7700000000000005,0.01305695118659865,0.0058101799568903495,0.0005151000805567121,0.019024012795803905,-0.04724638346647052
4.78,0.013042420537322224,0.005823113185021535,0.0006456427590992456,0.018515815866374925,-0.04666316040626225
4.79,0.013025268111543175,0.005848228992322593,0.0007726473909284419,0.01801131732694878,-0.046077606271352156
4.8,0.013005535663674614,0.005884747239705385,0.0008961518266224952,0.017510596636433697,-0.045489883076824576
4.8100000000000005,0.012983264988107285,0.005931850860708672,0.0010161943721665057,0.017013730734532346,-0.044900151100953425
4.82,0.012958497902982357,0.005988702032217931,0.0011328137618808881,0.016520794064973032,-0.04430856887306751
4.83,0.01293127623467032,0.006054457093942028,0.0012460491318669283,0.01603185859905275,-0.04371529316197553
4.84,0.012901641802914388,0.006128279699412159,0.0013559399939675177,0.015546993859478313,-0.043120478964950144
4.8500000000000005,0.012869636406598554,0.006209351897492436,0.0014625262102408484,0.015066266944493392,-0.042524279497261744
4.86,0.012835301810105192,0.006296883037663319,0.001565847967942929,0.014589742552276923,-0.04192684618226096
4.87,0.012798679730228843,0.006390116548809218,0.0016659457550195174,0.014117483005602054,-0.04132832864200185
4.88,0.012759811823615658,0.00648833475378599,0.00176286033610028,0.013649548276741507,-0.040728874688399815
4.89,0.012718739674701687,0.006590861952067219,0.001856632728996178,0.013185996012607832,-0.04012863031492426
4.9,0.0126755047841229,0.0066970660364119375,0.0019473041816938914,0.012726881560115786,-0.03952773968881375
4.91,0.012630148557574092,0.006806358915064695,0.0020349161498453812,0.012272257991755643,-0.03892634514381226
4.92,0.012582712295094788,0.006918195997024188,0.0021195102747493966,0.011822176131364584,-0.038324587173421985
4.93,0.012533237180761282,0.00703207497196104,0.0022011283618203906,0.01137668458008519,-0.037722604424663485
4.94,0.012481764272766422,0.00714753408445889,0.0022798123595418264,0.010935829742499325,-0.037120533692340016
4.95,0.01242833449387022,0.007264150068784426,0.0023556043388997206,0.010499655852926299,-0.036518509913802094
4.96,0.012372988622203984,0.007381535878268293,0.0024285464732929363,0.010068205001873519,-0.035916666164201576
4.97,0.012315767282414559,0.007499338314309833,0.002498681018916015,0.009641517162630106,-0.03531513365223594
4.98,0.01225671093713335,0.007617235634824301,0.0025660502956099166,0.00921963021799106,-0.03471404171637109
4.99,0.012195859878758064,0.007734935200843802,0.0026306966681777398,0.008802579987102481,-0.034113517821540505
5.0,0.012133254221535389,0.00785217120279177,0.0026926625281597544,0.008390400252417177,-0.03351368755631572
5.01,0.012068933893932383,0.00796870249429224,0.002751990276063853,0.007983122786750622,-0.032914674630537676
5.0200000000000005,0.012002938631287307,0.008084310550770952,0.0028087223040480077,0.007580777380426439,-0.03231660087340866
5.03,0.011935307968729466,0.008198797562058156,0.0028629009790480126,0.007183391868502782,-0.03171958623203482
5.04,0.01186608123435927,0.008311984662242118,0.002914568626348002,0.006790992158069,-0.031123748770415332
5.05,0.011795297542680116,0.00842371029572703,0.002963767513588089,0.006403602255603641,-0.030529204668871938
5.0600000000000005,0.011722995788274022,0.00853382871545799,0.0030105398352045258,0.006021244294383775,-0.029936068223912725
5.07,0.011649214639713681,0.008642208607288203,0.003054927697297072,0.005643938561937089,-0.029344451848523953
5.08,0.01157399253370423,0.008748731833234288,0.003096973102920325,0.005271703527528256,-0.028754466072884503
5.09,0.011497367669447773,0.008853292285698987,0.0031367179377920383,0.00490455586966904,-0.028166219545495738
5.1000000000000005,0.011419378003225417,0.008955794844482907,0.003174203956415298,0.004542510503645409,-0.02757981903472317
5.11,0.011340061243190334,0.009056154428439184,0.0032094727686073393,0.004185580609052108,-0.02699536943074073
5.12,0.011259454844367071,0.009154295133856257,0.0032425658264335004,0.0038337776573265582,-0.026412973747873804
5.13,0.011177596003851906,0.009250149452015986,0.0032735244115370985,0.0034871114392743346,-0.025832733127333713
5.14,0.011094521656210202,0.009343657558816295,0.003302389622863113,0.003145590092577786,-0.025254746840340073
5.15,0.011010268469065282,0.009434766669832395,0.0033292023647694255,0.0028092201292803857,-0.024679112291620016
5.16,0.010924872838875966,0.009523430454691756,0.003354003335520335,0.002478006463238789,-0.02410592502328325
5.17,0.010838370886898511,0.009609608505137028,0.0033768330161575693,0.0021519524375356444,-0.02353527871906473
5.18,0.010750798455329046,0.009693265851635078,0.0033977316597434723,0.0018310598518453314,-0.022967265208926994
5.19,0.010662191103624213,0.009774372523851445,0.0034167392809703444,0.0015153289897457316,-0.02240197447402055
5.2,0.010572584104996152,0.009852903150742689,0.00343389564613224,0.0012047586459696048,-0.021839494651992045
5.21,0.010482012443079062,0.009928836596421733,0.003449240263452678,0.0008993461535871005,-0.021279912042635116
5.22,0.010390510808765553,0.010002155628322667,0.0034628123737633835,0.000599087411115018,-0.020723311113880157
5.23,0.010298113597209432,0.010072846614531705,0.0034746509415290627,0.0003039769095441784,-0.020169774508113598
5.24,0.010204854904993581,0.010140899247461128,0.0034847946462118863,1.4007759280114386e-05,-0.01961938304882337
5.25,0.010110768527460255,0.010206306291324593,0.0034932818739721724,-0.0002708282830101515,-0.01907221574756186
5.26,0.010015887956202812,0.010269063351127096,0.0035001507096982677,-0.0005505407876507443,-0.018528349811223106
5.2700000000000005,0.00992024637671681,0.010329168661112864,0.003505438929361491,-0.0008251406253147094,-0.01798786064962611
5.28,0.009823876666209323,0.010386622890821725,0.0035091839926893373,-0.0010946399404938433,-0.017450821883399224
5.29,0.009726811391565256,0.01044142896709086,0.003511423036154504,-0.0013590521250845414,-0.01691730535215863
5.3,0.009629082807470013,0.010493591910506346,0.00351219286627063,-0.001618391792096399,-0.016387381122976653
5.3100000000000005,0.009530722854687462,0.010543118684959182,0.003511529953193137,-0.0018726747494882475,-0.015861117499131983
5.32,0.009431763158492746,0.010590018059095263,0.0035094704246173623,-0.0021219179741370857,-0.015338581029136478
5.33,0.009332235027260159,0.010634300478569668,0.0035060500599704,-0.0023661395859447694,-0.01481983651603407
5.34,0.009232169451205436,0.010675977948123978,0.00350130428488962,-0.002605358822087629,-0.014304947026963874
5.3500000000000005,0.009131597101282682,0.01071506392260238,0.0034952681659849013,-0.0028395960114130495,-0.013793973902981128
5.36,0.009030548328237178,0.010751573206109359,0.0034879764058783833,-0.00306887254898927,-0.013286976769134125
5.37,0.008929053161813628,0.010785521858589846,0.003479463338514512,-0.003293210870810424,-0.012784013544785332
5.38,0.008827141310121786,0.010816927109182502,0.003469762924740116,-0.0035126344286637076,-0.01228514045417618
5.39,0.008724842159160298,0.010845807275759713,0.0034589087481439896,-0.003727167665161218,-0.01179041203722671
5.4,0.008622184772500374,0.010872181690124032,0.0034469340111544706,-0.003936835988940669,-0.011299881160564691
5.41,0.008519197891131394,0.010896070628381417,0.0034338715313894804,-0.004141665750040671,-0.010813599028779873
5.42,0.008415909933470495,0.010917495246056941,0.0034197537382518518,-0.004341684215451882,-0.010331615195895377
5.43,0.008312348995539242,0.010936477517559494,0.0034046126697680128,-0.004536919544849627,-0.009853977577053561
5.44,0.008208542851309864,0.010953040179638636,0.0033884799696623086,-0.004727400766510417,-0.00938073246040697
5.45,0.00810451895322513,0.010967206678509795,0.003371386884664339,-0.004913157753417355,-0.008911924519212444
5.46,0.008000304432895592,0.01097900112035363,0.003353364262042727,-0.005094221199555508,-0.008447596824120142
5.47,0.007895926101978793,0.01098844822492231,0.0033344425473612158,-0.005270622596402886,-0.007987790855653272
5.48,0.007791410453245488,0.0109955732820094,0.00331465178245236,-0.005442394209618423,-0.007532546516872239
5.49,0.0076867836618388745,0.011000402110562007,0.003294021603603509,-0.005609569055930759,-0.007081902146218955
5.5,0.007582071586732712,0.011002961020233354,0.0032725812399506792,-0.005772180880230192,-0.0066358945305338025
5.51,0.007477299772395972,0.011003276775191825,0.0032503595120759988,-0.005930264132867787,-0.006194558918242156
5.5200000000000005,0.007372493450671761,0.011001376560018539,0.0032273848308030486,-0.006083853947162228,-0.005757929032703732
5.53,0.0072676775428791515,0.010997287947540029,0.003203685196186537,-0.006232986117118848,-0.0053260370857192525
5.54,0.0071628766621480025,0.010991038868455833,0.0031792881966909554,-0.0063776970753628166,-0.004898913791190262
5.55,0.007058115115997382,0.010982657582632725,0.003154221008554076,-0.006518023871287626,-0.004476588378925422
5.5600000000000005,0.006953416909169773,0.010972172651948036,0.0031285103953308207,-0.006654004149423299,-0.004059088608589647
5.57,0.006848805746734359,0.010959612914574528,0.0031021827076130526,-0.006785676128024132,-0.0036464407837899274
5.58,0.006744305037473717,0.010945007460608005,0.0030752638829201315,-0.006913078577880019,-0.003238669766291943
5.59,0.006639937897571016,0.01092838560894716,0.0030477794457571543,-0.007036250801351478,-0.0028357989903649737
5.6000000000000005,0.006535727154614763,0.01090977688534233,0.003019754507836347,-0.007155232611631699,-0.0024378504772467877
5.61,0.006431695351941988,0.010889211001536756,0.0029912137684553106,-0.0072700643122369304,-0.0020448448497269313
5.62,0.006327864753341137,0.010866717835429916,0.002962181515031505,-0.007380786676725462,-0.0016568013468401604
5.63,0.006224257348139353,0.010842327412198155,0.0029326816237854915,-0.007487440928649582,-0.001273737838666792
5.64,0.006120894856701681,0.010816069886312923,0.002902737560570479,-0.007590068721738868,-0.0008956708412363797
5.65,0.006017798736371262,0.010787975524401586,0.00287237238184432,-0.007688712120318362,-0.0005226155315268472
5.66,0.005914990187884522,0.010758074688900013,0.002841608735778637,-0.007783413579962082,-0.00015458576255743725
5.67,0.0058124901622974776,0.010726397822450029,0.002810468863502341,-0.007874215928382444,0.00020840592143203828
5.68,0.0057103193684644735,0.010692975432998452,0.00277897460047501,-0.007961162346558573,0.0005663482697180938
5.69,0.005608498281114426,0.010657838079557556,0.0027471473779865888,-0.008044296350101699,0.0009192313097526408
5.7,0.005507047149575192,0.010621016358589953,0.0027150082247787664,-0.008123661770861611,0.0012670463317472247
5.71,0.005405986007201559,0.010582540890983493,0.002682577768786064,-0.008199302738772275,0.0016097858731893532
5.72,0.00530533468156951,0.010542442309584371,0.0026498762389905264,-0.008271263663939637,0.0019474437032935509
5.73,0.0052051128055062585,0.010500751247258949,0.0026169234673884974,-0.008339589218970201,0.002280014807391291
5.74,0.0051053398290328,0.010457498325456869,0.0025837388910643446,-0.008404324321543014,0.0026074953712660626
5.75,0.005006035032305636,0.010412714143250021,0.002550341554368072,-0.008465514117223788,0.002929882765436389
5.76,0.004907217539654007,0.010366429266823764,0.002516750111194747,-0.00852320396252298,0.0032471755293905446
5.7700000000000005,0.004808906334819521,0.010318674219398402,0.0024829828273587053,-0.008577439408197092,0.0035593733557800276
5.78,0.004711120277519473,0.010269479471560441,0.0024490575830632424,-0.008628266182794504,0.003866477074571738
5.79,0.004613878121467512,0.010218875431984659,0.002414991875459858,-0.008675730176445,0.004168488637167459
5.8,0.00451719853400348,0.010166892438529189,0.0023808028212940714,-0.008719877424893913,0.004465411100490645
5.8100000000000005,0.004421100117500774,0.010113560749687134,0.002346507159635466,-0.008760754093781044,0.004757248611048348
5.82,0.004325601432742431,0.01005891053637927,0.0023121212546881537,-0.008798406463163254,0.005044006388967738
5.83,0.004230721024477944,0.010002971874073483,0.002277661098678113,-0.008832880912282392,0.005325690712016957
5.84,0.004136477449402559,0.009945774735217508,0.0022431423148151,-0.008864223904576796,0.005602308899607811
5.8500000000000005,0.004042889306827917,0.009887348981972426,0.0022085801603256975,-0.00889248197293704,0.005873869296790204
5.86,0.0039499752723500215,0.009827724359235184,0.002173989529554481,-0.00891770170520554,0.0061403812582357135
5.87,0.0038577541348563567,0.00976693048793929,0.0021393849571303357,-0.00893992972992016,0.006401855132220538
5.88,0.0037662448372603563,0.009704996858623294,0.0021047806211948682,-0.008959212702299648,0.006658302244607753
5.89,0.003675466521400985,0.009641952825257632,0.0020701903466912594,-0.00897559729047343,0.006909734882830278
5.9,0.003585438577599605,0.009577827599320785,0.0020356276087079165,-0.008989130161952363,0.007156166279884935
5.91,0.003496180699433682,0.009512650244116431,0.00200110553587812,-0.00899985797034145,0.007397610598334637
5.92,0.0034077129443571092,0.009446449669323736,0.001966636913829754,-0.00900782734229403,0.007634082914324935
5.93,0.003320055800879867,0.009379254625773478,0.0019322341886832315,-0.00901308486470572,0.007865599201617939
5.94,0.0032332302631117873,0.009311093700443134,0.0018979094705962741,-0.009015677072148329,0.008092176315648139
5.95,0.003147257913580382,0.00924199531166455,0.0018636745373519581,-0.009015650434542768,0.008313831977600447
5.96,0.0030621610153478496,0.00917198770453821,0.0018295408379867975,-0.009013051345069486,0.008530584758516828
5.97,0.0029779626145838554,0.009101098946548519,0.0017955194964588007,-0.009007926108316846,0.008742454063432926
5.98,0.0028946866548945718,0.009029356923374903,0.001761621315349607,-0.009000320928665345,0.008949460115547916
5.99,0.0028123581048669845,0.008956789334893875,0.0017278567796021895,-0.008990281898906835,0.009151623940432275
6.0,0.0027310031004614084,0.008883423691367569,0.0016942360602888202,-0.008977854989098729,0.00934896735027358
6.01,0.0026506491040692447,0.008809287309814564,0.0016607690184085306,-0.008963086035650807,0.009541512928165954
6.0200000000000005,0.0025713250822485424,0.008734407310559116,0.0016274652087110873,-0.008946020730644526,0.009729284012445926
6.03,0.0024930617043497395,0.008658810613955249,0.0015943338835462577,-0.008926704611383146,0.009912304681074157
6.04,0.0024158915644359935,0.008582523937282408,0.001561383996735343,-0.008905183050171463,0.010090599736071681
6.05,0.0023398494290815166,0.008505573791809678,0.0015286242074630855,-0.00888150124432442,0.010264194688007629
6.0600000000000005,0.0022649725137667506,0.008427986480025866,0.0014960628841878757,-0.00885570420640262,0.010433115740545342
6.07,0.0021913007906610217,0.008349788093032936,0.0014637081085697324,-0.00882783675467389,0.010597389775046736
6.08,0.0021188773305421725,0.008271004508100649,0.0014315676794108866,-0.008797943503799985,0.0107570443352398
6.09,0.002047748681395006,0.00819166138638043,0.0013996491166105957,-0.00876606885574532,0.010912107611950213
6.1000000000000005,0.0019779652857701184,0.0081117841707768,0.0013679596651295716,-0.00873225699090847,0.011062608427899929
6.11,0.00190958193816281,0.00803139808397493,0.0013365062989644154,-0.008696551859473815,0.011208576222575675
6.12,0.0018426582823382043,0.007950528126623153,0.001305295725128434,-0.008658997172981719,0.011350041037169353
6.13,0.0017772593464876227,0.007869199075669516,0.0012743343876383602,-0.00861963639611602,0.011487033499592519
6.140000000000001,0.0017134561111005928,0.0077874354828517236,0.0012436284715044692,-0.008578512738707567,0.011619584809568841
6.15,0.0016513261001667489,0.0077052616733400935,0.0012131839067235507,-0.008535669147951569,0.011747726723802858
6.16,0.0015909539804035953,0.007622701744533389,0.0011830063722713087,-0.008491148300837576,0.011871491541232643
6.17,0.001532432145229584,0.007539779565007752,0.00115310130009457,-0.008444992596790525,0.011990912088364692
6.18,0.0014758612497338165,0.007456518773619134,0.0011234738791011379,-0.008397244150520561,0.012106021704694148
6.19,0.001421350649588148,0.007372942778760057,0.0010941290591441992,-0.00834794478508061,0.012216854228211846
6.2,0.0013690186805650525,0.007289074757771735,0.00106507155500288,-0.008297136025129768,0.01232344398100225
6.21,0.001318992696369432,0.007204937656513019,0.0010363058503547258,-0.008244859090400146,0.012425825754932122
6.22,0.0012714087619279434,0.007120554189087892,0.001007836201740812,-0.00819115488936689,0.012524034797432975
6.23,0.0012264108793561877,0.007035946837733686,0.0009796666425203146,-0.008136064013117499,0.0126181067973778
6.24,0.00118414960843375,0.006951137852872517,0.0009518009868149659,-0.008079626729420529,0.012708077871056024
6.25,0.0011447799384500627,0.0068661492533289275,0.0009242428334408605,-0.008021882976990238,0.012793984548247263
6.26,0.0011084582816025903,0.006781002826717081,0.0008969955698271728,-0.00796287235994718,0.01287586375839419
6.2700000000000005,0.0010753384987615758,0.006695720130001414,0.0008700623759199341,-0.007902634142470371,0.01295375281687964
6.28,0.0010455669445347063,0.006610322490235121,0.0008434462280706739,-0.007841207243641625,0.013027689411406442
6.29,0.0010192766339691569,0.006524831005481379,0.0008171499029077948,-0.007778630232478192,0.013097711588483099
6.3,0.0009965807827922125,0.006439266545922875,0.0007911759811901028,-0.0077149413231531435,0.013163857740015997
6.3100000000000005,0.0009775661385410836,0.00635364975516577,0.0007655268516415364,-0.007650178370400442,0.013226166590011528
6.32,0.0009622866686189724,0.006268001051744962,0.0007402047147654598,-0.00758437886510341,0.013284677181386543
6.33,0.0009507582607901091,0.0061823406308382815,0.0007152115866390287,-0.007517579930064309,0.013339428862890851
6.34,0.0009429550813422837,0.006096688466198,0.0006905493026845245,-0.007449818315953379,0.013390461276142945
6.3500000000000005,0.0009388081036984161,0.006011064312308992,0.0006662195214185489,-0.007381130397434472,0.013437814342778897
6.36,0.0009382060754074188,0.005925487706783824,0.0006422237281770932,-0.007311552169466501,0.013481528251717747
6.37,0.0009409988795231526,0.005839977973006059,0.0006185632388167776,-0.0072411192437770566,0.013521643446542157
6.38,0.0009470029366320853,0.005754554223034289,0.0005952392033899015,-0.007169866845507852,0.01355820061299769
6.390000000000001,0.0009560080562088485,0.0056692353607806015,0.0005722526097941113,-0.007097829810028836,0.013591240666611064
6.4,0.0009677850273326543,0.005584040085478564,0.0005496042873939839,-0.0070250425799184306,0.013620804740427695
6.41,0.0009820932492186785,0.005498986895457332,0.000527294910616696,-0.006951539202109632,0.013646934172870882
6.42,0.0009986878172058716,0.005414094092240124,0.0005053250025178701,-0.006877353325198069,0.013669670495723405
6.43,0.001017325655337575,0.005329379784987077,0.0004836949383187859,-0.006802518196910631,0.013689055422230815
6.44,0.0010377704755528791,0.005244861895304542,0.0004624049489141494,-0.006727066661732682,0.013705130835330584
6.45,0.0010597965097181182,0.005160558162444977,0.0004414551243499366,-0.0066510311586911505,0.013717938776004765
6.46,0.0010831910845874458,0.0050764861489240466,0.0004208454172692656,-0.006574443719292426,0.013727521431758847
6.47,0.0011077561867087551,0.004992663246584131,0.0004005756463274657,-0.006497335965611417,0.013733921125227207
6.48,0.0011333091999406722,0.004909106683136358,0.00038064549957554823,-0.006419739108531442,0.013737180302906084
6.49,0.0011596830030870975,0.004825833529216472,0.000361054537810679,-0.006341683946130994,0.013737341524014212
6.5,0.0011867256003326148,0.0047428607059933365,0.0003418021978930994,-0.006263200862216377,0.01373444744948252
6.51,0.001214299432107922,0.004660204993372786,0.000322887796030958,-0.006184319824997805,0.013728540831073463
6.5200000000000005,0.0012422804855806758,0.004577883038843795,0.00030431053103041925,-0.006105070385907079,0.013719664500629957
6.53,0.0012705572964841771,0.00449591136701867,0.00028606948751109596,-0.0060254816785536265,0.013707861359455325
6.54,0.0012990299097809302,0.0044143063899241735,0.00026816363908764703,-0.005945582417818052,0.013693174367823635
6.55,0.0013276088466234257,0.004333084418106263,0.0002505918515155787,-0.005865400899080703,0.013675646534623494
6.5600000000000005,0.0013562141092681285,0.004252261672617496,0.00023335288580221208,-0.005784964997581868,0.013655320907132621
6.57,0.0013847742436088038,0.00417185429796315,0.00021644540128129078,-0.005704302167913675,0.01363224056092421
6.58,0.0014132254702108992,0.004091878376089923,0.0001998679586518973,-0.005623439443639573,0.013606448589909224
6.59,0.0014415108885097046,0.004012349941509621,0.00018361902298115516,-0.0055424034370404,0.013577988096509223
6.6000000000000005,0.0014695797545955524,0.003933284997659727,0.00016769696667018105,-0.005461220338984258,0.013546902181964375
6.61,0.0014973868302456698,0.0038546995346132027,0.00015210007238250758,-0.005379915918918005,0.013513233936774931
6.62,0.0015248917991746102,0.0037766095482614044,0.0001368265359371141,-0.005298515524979469,0.01347702643127733
6.63,0.0015520587455462966,0.0036990310611066946,0.00012187446916220436,-0.005217044084226152,0.013438322706354347
6.640000000000001,0.0015788556893881099,0.0036219801448153367,0.00010724190271299435,-0.005135526102980118,0.013397165764281158
6.65,0.0016052541734911765,0.0035454729446965988,9.292678885109568e-05,-0.005053985667286023,0.013353598559704997
6.66,0.0016312288965500482,0.003469525706290881,7.89270041867129e-05,-0.004972446443480474,0.013307663990759593
6.67,0.0016567573875970712,0.003394154804268132,6.524035238245818e-05,-0.00489093167887044,0.013259404890316696
6.68,0.0016818197171599278,0.0033193767738579007,5.186456681912384e-05,-0.0048094642025183895,0.01320886401737063
6.69,0.0017063982409771842,0.0032452083450543122,3.879731322383075e-05,-0.004728066426133252,0.01315608404855905
6.7,0.0017304773725136846,0.0031716664798628947,2.6036192259760036e-05,-0.00464676034506266,0.013101107569819907
6.71,0.0017540433809123644,0.0030987684128816508,1.3578742077477212e-05,-0.004565567539387816,0.013043977068181027
6.72,0.001777084211390138,0.003026531695536023,1.4224408279823752e-06,-0.0044845091751151344,0.012984734923688086
6.73,0.001799589325425931,0.0029549742443161285,-1.0435290862210686e-05,-0.0044036060054661146,0.012923423401465135
6.74,0.0018215495583995861,0.0028841143933948546,-2.1997087454505805e-05,-0.004322878372260315,0.012860084643910993
6.75,0.001842956992619442,0.0028139709520363506,-3.326563610029095e-05,-0.004242346207391763,0.01279476066303124
6.76,0.0018638048439241152,0.002744563267235763,-4.424367428076857e-05,-0.004162029034395504,0.012727493332904065
6.7700000000000005,0.001884087360265258,0.0026759112920616284,-5.4933987485379014e-05,-0.004081945970102326,0.012658324382280933
6.78,0.001903799730872421,0.002608035660200902,-6.5339406928884e-05,-0.004002115726380304,0.012587295387320955
6.79,0.001922938004772626,0.002540957767231287,-7.54628073056071e-05,-0.003922556611960029,0.012514447764459953
6.8,0.001941499017587713,0.0024746998591639213,-8.530710458268245e-05,-0.0038432865343430793,0.012439822763413993
6.8100000000000005,0.0019594803256632208,0.002409285128808145,-9.48752538311767e-05,-0.0037643230017901912,0.012363461460314067
6.82,0.001976880146699878,0.0023447378205046724,-0.00010417024709447532,-0.003685683125387954,0.0122854047509769
6.83,0.0019936973061572476,0.0022810833437481655,-0.00011319511129591492,-0.00360738362119219,0.012205693344306089
6.84,0.002009931188789167,0.0022183483961674224,-0.00012195290618232605,-0.0035294408124458064,0.01212436775582724
6.8500000000000005,0.0020255816947462326,0.002156561096241482,-0.00013044672230673484,-0.003451870631868882,0.012041468301354571
6.86,0.002040649199748599,0.002095751125990471,-0.0001386796790479366,-0.003374688624019635,0.01195703509078882
6.87,0.0020551345188912573,0.00203594988367546,-0.00014665492266677786,-0.0032979099477242362,0.011871108022047206
6.88,0.002069038873694899,0.001977190646252464,-0.0001543756244007162,-0.0032215493785731804,0.0117837267751238
6.890000000000001,0.0020823638620606935,0.0019195087409282058,-0.0001618449785942885,-0.0031456213114829435,0.011694930806278698
6.9,0.002095111430827743,0.0018629417246304857,-0.00016906620086709712,-0.0030701397633202125,0.011604759342360046
6.91,0.00210728385066451,0.0018075295694998726,-0.00017604252631818972,-0.0029951183755879975,0.011513251375251771
6.92,0.0021188836930582473,0.001753314851592636,-0.00018277720776636007,-0.0029205704171704344,0.011420445656452761
6.93,0.0021299138091911015,0.0017003429388136944,-0.00018927351402749884,-0.0028465087871361906,0.01132638069178191
6.94,0.002140377310516473,0.0016486621726269218,-0.00019553472822724413,-0.002772946017596088,0.01123109473621275
6.95,0.0021502775508689415,0.001598324036273873,-0.000201564146149641,-0.0026998942766167646,0.01113462578883364
6.96,0.002159618109959128,0.0015493833000344347,-0.00020736507462108057,-0.0026273653711843385,0.011037011587933585
6.97,0.0021684027781222713,0.0015018981314653933,-0.0002129408299301121,-0.002555370750220321,0.010938289606215342
6.98,0.002176635542201579,0.0014559301555696006,-0.00021829473628121138,-0.0024839215076452583,0.010838497046132553
6.99,0.0021843205724611852,0.0014115444465461853,-0.0002234301242846179,-0.0024130283854897636,0.01073767083535135
7.0,0.0021914622104337845,0.0013688094292968742,-0.00022835032947942234,-0.0023427017770505125,0.010635847622333987
7.01,0.002198064957619423,0.0013277966654708353,-0.00023305869089196925,-0.0022729517300902123,0.01053306377204874
7.0200000000000005,0.002204133464957715,0.0012885804959193441,-0.00023755854962731907,-0.002203787950079191,0.010429355361797602
7.03,0.0022096725230068754,0.0012512375095725535,-0.00024185324749489967,-0.0021352198034774285,0.010324758177168254
7.04,0.002214687052767465,0.0012158458086982719,-0.00024594612566750655,-0.002067256321055233,0.010219307708106338
7.05,0.0022191820970952525,0.0011824840431761173,-0.0002498405233731887,-0.0019999062012506967,0.010113039145105742
7.0600000000000005,0.002223162812654089,0.0011512301928303223,-0.0002535397766200205,-0.0019331778135626568,0.01000598737551925
7.07,0.002226634462363514,0.0011221600879651446,-0.0002570472169537061,-0.001867079201977726,0.009898186979987022
7.08,0.0022296024083004184,0.0010953456747014045,-0.0002603661702464359,-0.0018016180884291592,0.009789672228982109
7.09,0.00223207210501823,0.0010708530535782162,-0.00026349995551858244,-0.0017368018762866696,0.009680477079472739
7.1000000000000005,0.0022340490932502024,0.0010487403462632779,-0.00026645188379170905,-0.001672637653875562,0.009570635171699675
7.11,0.0022355389939668715,0.0010290554739665878,-0.0002692252569722195,-0.0016091321980229569,0.009460179826068948
7.12,0.0022365475027600647,0.0010118339587944127,-0.00027182336676681145,-0.0015462919776309556,0.009349144040157329
7.13,0.0022370803845290902,0.0009970968812355807,-0.00027424949362755665,-0.0014841231572737294,0.00923756048583213
7.140000000000001,0.002237143468445921,0.000984849138247078,-0.0002765069057279686,-0.0014226316008185793,0.009125461506481195
7.15,0.002236742643179594,0.0009750781426699751,-0.00027859885796854063,-0.0013618228750680258,0.009012879114356056
7.16,0.002235883852360453,0.0009677530835534397,-0.0002805285910122289,-0.0013017022534229676,0.008899844988023691
7.17,0.0022345730902672326,0.0009628248289717936,-0.0002822993303484369,-0.001242274719564527,0.008786390469926738
7.18,0.0022328163977222686,0.0009602265020764761,-0.00028391428538647456,-0.001183544971153275,0.008672546564054768
7.19,0.0022306198581792,0.0009598747043373319,-0.0002853766485776735,-0.0011255174235450403,0.008558343933719289
7.2,0.0022279895939916554,0.0009616713056234969,-0.000286689594564685,-0.001068196213521628,0.008443812899438114
7.21,0.0022249317628497047,0.0009655056769891311,-0.00028785627936003057,-0.0010115852030347819,0.008328983436922592
7.22,0.0022214525543740437,0.000971257214583889,-0.0002888798395505238,-0.000955687982962598,0.008213885175170129
7.23,0.0022175581868577213,0.0009787979944551597,-0.0002897633915301262,-0.0009005078768770838,0.008098547394660335
7.24,0.002213254904145883,0.0009879954070612191,-0.0002905100307588793,-0.0008460479448211976,0.007982999025652226
7.25,0.0022085489726456817,0.0009987146431835578,-0.0002911228310478814,-0.0007923109870944918,0.007867268646583957
7.26,0.002203446678457949,0.0010108209342107575,-0.00029160484387123834,-0.0007392995480460238,0.007751384482571176
7.2700000000000005,0.002197954324624164,0.0010241814839118304,-0.0002919590977029854,-0.0006870159198730177,0.007635374404005935
7.28,0.002192078228481712,0.0010386670611770548,-0.00029218859737927314,-0.0006354621464247546,0.007519265925253013
7.29,0.0021858247191214185,0.0010541532506089613,-0.00029229632348572887,-0.0005846400270103745,0.007403086203442673
7.3,0.002179200134941918,0.0010705213786972824,-0.0002922852317690602,-0.0005345511202081028,0.007286862037360105
7.3100000000000005,0.002172210821295821,0.0010876591473420385,-0.0002921582525731734,-0.00048519674767724013,0.0071706198664298355
7.32,0.002164863128222518,0.0011054610143575781,-0.00029191829029921984,-0.0004365779979694957,0.007054385769793382
7.33,0.00215716340826345,0.001123828363463102,-0.0002915682228883932,-0.0003886957303402187,0.0069381854654792345
7.34,0.002149118014355951,0.0011426695054696132,-0.00029111090132841666,-0.00034155057855707257,0.006822044309665598
7.3500000000000005,0.0021407332978014546,0.001161899549163111,-0.000290549149182449,-0.00029514295470637654,0.006705987296032285
7.36,0.0021320156063051633,0.0011814401758102311,-0.0002898857621409399,-0.0002494730529949772,0.0065900390552037025
7.37,0.0021229712820831914,0.0012012193460769092,-0.00028912350759426785,-0.00020454085354780252,0.0064742238542782144
7.38,0.0021136066600346975,0.0012211709630120754,-0.0002882651242281747,-0.0001603461261988173,0.006358565596445477
7.390000000000001,0.0021039280659762506,0.001241234509959628,-0.00028731332163974254,-0.00011688843427537866,0.0062430878206904735
7.4,0.0020939418149354704,0.0012613546780156232,-0.00028627077997453785,-7.416713837475176e-05,0.006127813701581697
7.41,0.0020836542095017826,0.0012814809940217362,-0.00028514014958442885,-3.218140013141379e-05,0.006012766049143617
7.42,0.00207307153823175,0.00130156745708299,-0.00028392405070467057,9.069814024773873e-06,0.00589796730881076
7.43,0.002062200074107499,0.0013215721891742724,-0.00028262507315221177,4.958772912157893e-05,0.005783439561465255
7.44,0.002051046073045446,0.0013414571034896764,-0.0002812457760419317,8.937375790887806e-05,0.005669204523552986
7.45,0.0020396157724542024,0.0013611875927157183,-0.00027978868752326537,0.00012842949713524933,0.0055552835472800835
7.46,0.0020279153898396813,0.0013807322382992143,-0.0002782563045342446,0.00016675672383771915,0.005441697620887536
7.47,0.0020159511214556764,0.0014000625409640059,-0.0002766510925752493,0.00020435739164628683,0.0053284673690024145
7.48,0.0020037291409986725,0.001419152672147166,-0.0002749754854997394,0.00024123362710257607,0.005215613053065161
7.49,0.0019912555983453467,0.0014379792456234268,-0.00027323188532258155,0.000277387725994423,0.0051031545718314445
7.5,0.001978536618331697,0.0014565211083237585,-0.0002714226620465676,0.0003128221497067174,0.004991111461948249
7.51,0.0019655782995723,0.0014747591491959657,-0.0002695501535048763,0.000347539521589936,0.00487950289860208
7.5200000000000005,0.001952386713318586,0.0014926761248744522,-0.00026761666522097643,0.00038154262334575887,0.004768347696237783
7.53,0.0019389679023556242,0.0015102565009016031,-0.000265624470283778,0.0004148343914321872,0.00465766430934965
7.54,0.0019253278799352051,0.0015274863072579428,-0.00026357580923975756,0.00044741791348736244,0.004547470833338092
7.55,0.001911472628746042,0.0015443530069998185,-0.0002614728899998892,0.00047929642477351973,0.004437785005438244
7.5600000000000005,0.001897408099918586,0.0015608453768623744,-0.0002593178877617383,0.0005104733046420043,0.004328624205712545
7.57,0.001883140212064631,0.001576953398754992,-0.00025711294494688375,0.000540952073018959,0.004220005458109946
7.58,0.0018686748503504752,0.0015926681611511033,-0.0002548601711530044,0.0005707363869135333,0.004111945431588934
7.59,0.0018540178656036182,0.0016079817694506812,-0.00025256164311913954,0.0005998300369482141,0.004004460441305742
7.6000000000000005,0.0018391750734512273,0.0016228872644692702,-0.0002502194047056912,0.000628236943912415,0.003897566449862091
7.61,0.0018241522534909761,0.00163737854828034,-0.00024783546688822265,0.0006559611553401285,0.0037912790686164136
7.62,0.001808955148492921,0.0016514503167070595,-0.0002454118077635793,0.0006830068421114045,0.0036856135590539033
7.63,0.001793589463632044,0.0016650979978245395,-0.00024295037256922137,0.0007093782950788084,0.0035805848342150832
7.640000000000001,0.0017780608657512833,0.0016783176958939093,-0.0002404530737156796,0.0007350799217193696,0.0034762074601828695
7.65,0.0017623749826544352,0.0016911061402051844,-0.00023792179083031648,0.0007601162428122586,0.0033724956576262053
7.66,0.0017465374024284441,0.0017034606383567955,-0.0002353583708138733,0.0007844918891425588,0.0032694633033986775
7.67,0.0017305536727946307,0.0017153790335460617,-0.00023276462790789533,0.0008082115982323975,0.003167123932190781
7.68,0.0017144293004894683,0.0017268596654870295,-0.00023014234377444307,0.0008312802110991113,0.0030654907382383135
7.69,0.001698169750672893,0.0017379013346102952,-0.00022749326758550548,0.0008537026690409535,0.002964576577078569
7.7,0.001681780446365834,0.001748503269233842,-0.0002248191161246027,0.0008754840104512013,0.0028643939673613093
7.71,0.0016652667679153646,0.0017586650954250578,-0.00022212157389728523,0.0008966293676610392,0.0027649550927074987
7.72,0.0016486340524882316,0.0017683868093020122,-0.00021940229325280775,0.0009171439638107742,0.002666271803618335
7.73,0.00163188759359182,0.00177766875154726,-0.0002166628945155972,0.0009370331097510438,0.002568355619430317
7.74,0.0016150326406232148,0.0017865115839299987,-0.00021390496612534718,0.0009563022009734634,0.002471217730318091
7.75,0.0015980743984459703,0.0017949162676527022,-0.00021113006478744772,0.0009749567145712419,0.0023748689993425506
7.76,0.001581018026994606,0.0018028840433565523,-0.00020833971563137744,0.000993002206230502,0.0022793199645432206
7.7700000000000005,0.0015638686409071361,0.00181041641263631,-0.00020553541237886477,0.0010104443072523742,0.002184580841074794
7.78,0.0015466313091853172,0.0018175151209299273,-0.00020271861751939467,0.0010272887216055315,0.0020906615233849345
7.79,0.0015293110548829053,0.0018241821416613345,-0.0001998907624942437,0.0010435412230109147,0.0019975715874331313
7.8,0.0015119128548227558,0.0018304196615266262,-0.000197053247888764,0.0010592076520577467,0.001905320292951835
7.8100000000000005,0.001494441639341783,0.0018362300668244747,-0.00019420744363143303,0.00107429391335057,0.001813916585743711
7.82,0.0014769022920653554,0.0018416159307410756,-0.0001913546892014424,0.0010888059726903343,0.0017233691000195
7.83,0.0014592996497107653,0.0018465800015084798,-0.00018849629384145046,0.0011027498542858494,0.0016336861607718397
7.84,0.0014416385019202743,0.001851125191362839,-0.00018563353677956905,0.00111613163799943,0.0015448757861846773
7.8500000000000005,0.001423923591124649,0.0018552545662359659,-0.00018276766745559757,0.0011289574566238935,0.0014569456900785003
7.86,0.001406159612437457,0.001858971336119849,-0.00017989990575528693,0.0011412334931943401,0.0013699032843894066
7.87,0.0013883512135806919,0.0018622788460493046,-0.00017703144224948724,0.0011529659783313581,0.0012837556816800415
7.88,0.001370502994843006,0.001865180567653002,-0.0001741634384396804,0.0011641611876186534,0.0011985096976838492
7.890000000000001,0.0013526195090711257,0.0018676800912276275,-0.00017129702700930012,0.0011748254390141644,0.0011141718538802347
7.9,0.0013347052616949045,0.0018697811182940285,-0.00016843331207979913,0.0011849650902943975,0.0010307483800974548
7.91,0.0013167647107883759,0.0018714874545978704,-0.00016557336947255476,0.0011945865365329638,0.0009482452171474694
7.92,0.0012988022671668858,0.001872803003520678,-0.00016271824697414462,0.0012036962076130823,0.0008666680194870821
7.930000000000001,0.0012808222945219195,0.0018737317598701343,-0.00015986896460861875,0.0012123005657738452,0.0007860221579052715
7.94,0.001262829109595925,0.0018742778040212234,-0.00015702651491240291,0.0012204061031906577,0.0007063127222390228
7.95,0.0012448269823975898,0.0018744452963822982,-0.00015419186321379564,0.0012280193395904468,0.000627544524111662
7.96,0.0012268201364604185,0.0018742384721623406,-0.00015136594791707,0.0012351468199007514,0.0005497220996965646
7.97,0.0012088127491462952,0.0018736616364177449,-0.00014854968078936462,0.001241795111933018,0.00047284971250365505
7.98,0.0011908089519965558,0.0018727191593587618,-0.00014574394725254695,0.0012479708041007122,0.00039693135618867735
7.99,0.0011728128311326437,0.0018714154718974252,-0.0001429496066766525,0.0012536805031719308,0.00032197075738226745
8.0,0.0011548284277102347,0.0018697550614202752,nan,nan,nan
